"Person","Type","ID","Split","Val"
"AN","Top Songs","3PBtuovwpCG6dRULHxAsiQ","Total","Total"
"AK","Top Songs","1T4G5pgLH9ODQqhdU6DoY2","Total","Total"
"DM","Top Songs","0Ty7D9c1YXdFSITnQz0zUn","Total","Total"
"AN","Top Songs 2016","3XTfXbiFGIBaLim8VTOe0Q","year","2016"
"AN","Top Songs 2017","3jswjldVnuwdUBUapqWVqg","year","2017"
"AN","Top Songs 2018","6xYApJYlkIvkFvxH7QsIaH","year","2018"
"AN","Top Songs 2019","1DcmtDoxN4Lg4iTrvp44HJ","year","2019"
"AN","Top Songs 2020","71ZTuEJRfn4JvJvWPgFJo6","year","2020"
"AN","Top Songs 2021","0aUFxUkmYpYkeDNbrx9psd","year","2021"
"AN","Top Songs 2022","46YlVhuIUEx3YomA6bJBRu","year","2022"
"AK","Top Songs 2016","4MTw7NmpKupnZ6mwWdAdh4","year","2016"
"AK","Top Songs 2017","7JK7TOX7jblFHX7zjhKV3c","year","2017"
"AK","Top Songs 2018","2x10GSzuJ2y2JfIrAvTZ3z","year","2018"
"AK","Top Songs 2019","5AAGozh9JIWXHgETtfHoCA","year","2019"
"AK","Top Songs 2020","4rbXYPkDyLsCpDyWhjokbn","year","2020"
"AK","Top Songs 2021","5EHh88QyBxfFVirYLHKhNS","year","2021"
"AK","Top Songs 2022","4lWkyRbvtUZGBZ46rDE2Ps","year","2022"
"DM","Top Songs 2016","18lLVBt2bNgThAkhAkfKNh","year","2016"
"DM","Top Songs 2017","7zTe5YJrY9soxJa0P6iOIp","year","2017"
"DM","Top Songs 2018","5FaLVZBAeqHRWeJ9C4yjVP","year","2018"
"DM","Top Songs 2019","4zaJocOREcGlsSdxq6krvO","year","2019"
"DM","Top Songs 2020","64BkXXbRsmaBQycLj3KG6g","year","2020"
"DM","Top Songs 2021","6Vxx2bAbQHjNForJxS5Sca","year","2021"
"DM","Top Songs 2022","5a3vVpoNhD8uk8NBJUSG2M","year","2022"
"AN","Top Songs Spring","45XSXf1i5fKrZuGTESBbgC","season","Spring"
"AN","Top Songs Summer","7GaSeQ00pasRWXQeWyQOhs","season","Summer"
"AN","Top Songs Fall","2D8pGdrUQaaPjcD3mV7k3g","season","Fall"
"AN","Top Songs Winter","2hY9Yl3ENSEGO83AlXqyIm","season","Winter"
"AK","Top Songs Spring","3UfsW4HSPKi9YfZd78Ndyz","season","Spring"
"AK","Top Songs Summer","0ixypvaZpSsgYATCgSNMzX","season","Summer"
"AK","Top Songs Fall","7mU87L1nxOeIUZwO3I47c5","season","Fall"
"AK","Top Songs Winter","4VXEr2kHALNeIhxJIGT3Si","season","Winter"
"DM","Top Songs Spring","45LVoZm3JddDYGctw87uOW","season","Spring"
"DM","Top Songs Summer","1bG4H9l3WA6ZCFzyrS8P2V","season","Summer"
"DM","Top Songs Fall","4ckMV6XwRy5prS7CxTv2F9","season","Fall"
"DM","Top Songs Winter","2ptyzvydTLkv5NTX6nd6Ae","season","Winter"
"AN","Top Songs January","5TYqoPH3EjgELSBOluWcrU","month","01"
"AN","Top Songs February","4FTIppubPoYXFuiJ3PqB2s","month","02"
"AN","Top Songs March","4IOdTQifYqq9wZBlmHg2nR","month","03"
"AN","Top Songs April","29zNRhj2FbbUjCR8rbezJY","month","04"
"AN","Top Songs May","2GlbQm78xRMZNLljyuPTpL","month","05"
"AN","Top Songs June","6cMmz79R2UG0zWhiDhJzIh","month","06"
"AN","Top Songs July","27v2e0zxxRSJ5E1WdwdOdT","month","07"
"AN","Top Songs August","4LMkl8G4r8FQGc0Q3WIivT","month","08"
"AN","Top Songs September","3qve4s7lusQVPu5KLNdTGo","month","09"
"AN","Top Songs October","6GilL5jN9CLuiVf1XBdS1W","month","10"
"AN","Top Songs November","434Tl4NVpjoBidxIOgii6D","month","11"
"AN","Top Songs December","5KKf4DCtFtPnY3lNPgs0YG","month","12"
"AK","Top Songs January","2WYCV1f4IsrYTHynMskCie","month","01"
"AK","Top Songs February","2UUm8IvGL37kfsAB7aF0TF","month","02"
"AK","Top Songs March","2bZrwa7pxetWxEYhknVxHX","month","03"
"AK","Top Songs April","1F2fRL26x1oPXENjLG8hZz","month","04"
"AK","Top Songs May","41vE3kUAsgqVH2rOmG1mkL","month","05"
"AK","Top Songs June","3AYQA3jwgnGbFXwEbA550Z","month","06"
"AK","Top Songs July","1Hz8UZfAbpGomUYIjD95Zy","month","07"
"AK","Top Songs August","2iDex18aCtx4utngfhSdKe","month","08"
"AK","Top Songs September","5ESasJsgvcfb7pr9JQJO2J","month","09"
"AK","Top Songs October","15k5H2p6LoQwYGuSsS2tTq","month","10"
"AK","Top Songs November","04KNm1wbAwlNiHqBiJ6D7h","month","11"
"AK","Top Songs December","5wo0W7m8DXwFcXnIZCKCHY","month","12"
"DM","Top Songs January","13EyrPd2MYKEVpArpgZP9s","month","01"
"DM","Top Songs February","1E79TIhnsKpbHVdB83dYnz","month","02"
"DM","Top Songs March","3KM8EyTyrGUoAGe2dPX7if","month","03"
"DM","Top Songs April","4oUJSals29m0NBGJjLYzph","month","04"
"DM","Top Songs May","4R6AKZ5HghUqg3evwz6JwP","month","05"
"DM","Top Songs June","50WfaNg6kO2AaNJNSFTYk1","month","06"
"DM","Top Songs July","1dCZD6OP586AUywTGGDwFc","month","07"
"DM","Top Songs August","6YlfPGrFE80ILCOQegKfLz","month","08"
"DM","Top Songs September","5fuUOJG5z0vbNo767ODcCO","month","09"
"DM","Top Songs October","1ifqFhmWS51fIbHowgGLIE","month","10"
"DM","Top Songs November","3UEvel6xSrY4jLe1uTSs7U","month","11"
"DM","Top Songs December","0LUjrlELcUnbZcZlLcFKSX","month","12"
"AN","Top Songs August 2016","0hmrmwz3IYlct5I5CvCfZK","monthyear","2016-08"
"AN","Top Songs September 2016","6TXLE9zFxbp9vZ8zzN7vvr","monthyear","2016-09"
"AN","Top Songs October 2016","30b8c5TRof1rMpjCn1jbWh","monthyear","2016-10"
"AN","Top Songs November 2016","39e2AhvCxS3j3Z8VD5wC8G","monthyear","2016-11"
"AN","Top Songs December 2016","1tpbUrDRHfMhQrkbfESVxE","monthyear","2016-12"
"AN","Top Songs January 2017","7gfTUiQ2SX7YtoPF61OZrY","monthyear","2017-01"
"AN","Top Songs February 2017","471WcGzkLOAGyVR9vWSpIt","monthyear","2017-02"
"AN","Top Songs March 2017","1NY0UtJzNXk0Nai8hbYgfm","monthyear","2017-03"
"AN","Top Songs April 2017","6MpnFmvqq5x60CvF4aOPmR","monthyear","2017-04"
"AN","Top Songs May 2017","50kUjjNlqPhQWtkxPL8kXj","monthyear","2017-05"
"AN","Top Songs June 2017","5m8RqzJEUqAMhQZ392ZhFL","monthyear","2017-06"
"AN","Top Songs July 2017","0r76qWEF5XLDSbmyykhsuA","monthyear","2017-07"
"AN","Top Songs August 2017","6UQ0uoFrBfr8sS5IhnMIkq","monthyear","2017-08"
"AN","Top Songs September 2017","7qviA2QqztfJgexSQZ654A","monthyear","2017-09"
"AN","Top Songs October 2017","6Xe56mcpCKh6Zden3KM6UV","monthyear","2017-10"
"AN","Top Songs November 2017","6r04mJOX4nHxxCoqo6XuUe","monthyear","2017-11"
"AN","Top Songs December 2017","4SlldIYivQkhJbM53A4NbU","monthyear","2017-12"
"AN","Top Songs January 2018","3ZjaEaqDacHBKBeZCG92Im","monthyear","2018-01"
"AN","Top Songs February 2018","5nx6MUU8i5bEB11LZ4RsVt","monthyear","2018-02"
"AN","Top Songs March 2018","49iQh5HAro5w93sgmZ7YUs","monthyear","2018-03"
"AN","Top Songs April 2018","3wUrX251K2vPxSF574UqsD","monthyear","2018-04"
"AN","Top Songs May 2018","0wwYMo6hTf1IXlOqbRp3Mx","monthyear","2018-05"
"AN","Top Songs June 2018","2goHlHvsnViJLbqHAWfl0p","monthyear","2018-06"
"AN","Top Songs July 2018","5tSPf27RPGINyFgVjjBs8s","monthyear","2018-07"
"AN","Top Songs August 2018","6f2am091EpdcLmeEjTQDxb","monthyear","2018-08"
"AN","Top Songs September 2018","6dQbvaFdUvF0ZVs7oULjkI","monthyear","2018-09"
"AN","Top Songs October 2018","5f7cdWqWoMpLRAs83xyaxm","monthyear","2018-10"
"AN","Top Songs November 2018","5t1Qj83CtMW7wmBq0DA03g","monthyear","2018-11"
"AN","Top Songs December 2018","33JXd9WlegLLPeRSRjGNsj","monthyear","2018-12"
"AN","Top Songs January 2019","38Y3RMratC5q6URnNQedRG","monthyear","2019-01"
"AN","Top Songs February 2019","1HMpHNauyRTkuLmgO7705D","monthyear","2019-02"
"AN","Top Songs March 2019","6fFECDDRE27BjqGx0e7oXz","monthyear","2019-03"
"AN","Top Songs April 2019","0EeWV8Kv0Xn1aVsMa3PSbA","monthyear","2019-04"
"AN","Top Songs May 2019","3GizsQFOHl5m8Huf0KPuX0","monthyear","2019-05"
"AN","Top Songs June 2019","3932Pm7WhrxzEAKMtXdxVu","monthyear","2019-06"
"AN","Top Songs July 2019","5vsb4swG5RhE1brCfkQVpp","monthyear","2019-07"
"AN","Top Songs August 2019","1WOk8u7ekNTFSP0UcZw67o","monthyear","2019-08"
"AN","Top Songs September 2019","2tbXjIoj95kvJatZC61urF","monthyear","2019-09"
"AN","Top Songs October 2019","41olb3eardEdsjJ6lH0VPv","monthyear","2019-10"
"AN","Top Songs November 2019","0ch0fdEzTar9RV5jF1Uofb","monthyear","2019-11"
"AN","Top Songs December 2019","4r1baWqNM4pL2Lci4i53e5","monthyear","2019-12"
"AN","Top Songs January 2020","4t5htk9lEl0cOFLnzFyGWa","monthyear","2020-01"
"AN","Top Songs February 2020","4uMEj1XU33rcgexfryXpQx","monthyear","2020-02"
"AN","Top Songs March 2020","1nN1xEi2ffA4GxZd5mKqJy","monthyear","2020-03"
"AN","Top Songs April 2020","4YjFqpXs1zYuk4TFJ3zgB2","monthyear","2020-04"
"AN","Top Songs May 2020","3IAprMolzL5JguaKyTG9Hh","monthyear","2020-05"
"AN","Top Songs June 2020","4Wndl8pc6eZwYaWobT0FJX","monthyear","2020-06"
"AN","Top Songs July 2020","3ufbGVqwo7ISIHLXZqqk5a","monthyear","2020-07"
"AN","Top Songs August 2020","1vLe4aoKMO4bTPVIpBDxZr","monthyear","2020-08"
"AN","Top Songs September 2020","7cfKJbW1rEnTWUVqomvdIB","monthyear","2020-09"
"AN","Top Songs October 2020","5XXvM6ZC3Hx4qwU6GJuDvz","monthyear","2020-10"
"AN","Top Songs November 2020","61Emejzre6ypyL6F1PzAI1","monthyear","2020-11"
"AN","Top Songs December 2020","0FKSvxfAv1uOK6CJiNdDWv","monthyear","2020-12"
"AN","Top Songs January 2021","7vJyA1UGccECxDKr0UlN8E","monthyear","2021-01"
"AN","Top Songs February 2021","6NTi4n0S6hrbeYxSnrbUsR","monthyear","2021-02"
"AN","Top Songs March 2021","6b9jNhD4IMkJ69j2Pn96yA","monthyear","2021-03"
"AN","Top Songs April 2021","03nwndFVRdQiY6uG6cqOIz","monthyear","2021-04"
"AN","Top Songs May 2021","4Tg5vUvubkPSBctZ51il50","monthyear","2021-05"
"AN","Top Songs June 2021","6mkUYalEyIe4RSO8kEK2AX","monthyear","2021-06"
"AN","Top Songs July 2021","5k1gxdnlfoTgSJZxZAoVMZ","monthyear","2021-07"
"AN","Top Songs August 2021","0RJyduPx37KXtwe32HmKjs","monthyear","2021-08"
"AN","Top Songs September 2021","3ZarzURkMbvjdnPU1Q21jK","monthyear","2021-09"
"AN","Top Songs October 2021","0oumwO5jT3bBBCIouXflGM","monthyear","2021-10"
"AN","Top Songs November 2021","3kVrxIT3S5ga9OtTimhtXt","monthyear","2021-11"
"AN","Top Songs December 2021","0QNMXDK8O5XVJ3dvFSNeIs","monthyear","2021-12"
"AN","Top Songs January 2022","5SYncgWu1znuuS30DXHzdb","monthyear","2022-01"
"AN","Top Songs February 2022","5Yr2b7z1g5QwCt7BMoKYAW","monthyear","2022-02"
"AN","Top Songs March 2022","0haQ7bNuVnKJXL8rofk4NE","monthyear","2022-03"
"AN","Top Songs April 2022","5Jm9djQhutVmDbyZ3qfjVZ","monthyear","2022-04"
"AN","Top Songs May 2022","5WgqQHhuSLBpj6a81AlqbC","monthyear","2022-05"
"AN","Top Songs June 2022","40W3umCg2o9TvO7TeMn6sP","monthyear","2022-06"
"AN","Top Songs July 2022","65jOG7Az3ermKsbVajEyJM","monthyear","2022-07"
"AN","Top Songs August 2022","2b1xATk1tMTb5b49dffTRK","monthyear","2022-08"
"AN","Top Songs September 2022","5TmEorJTlhvvzadV7gRtwV","monthyear","2022-09"
"AN","Top Songs October 2022","2QLpjRwjCqB9zjbfIRpdXK","monthyear","2022-10"
"AN","Top Songs November 2022","1UvihFbeMgOtKxOAuHjzb7","monthyear","2022-11"
"AN","Top Songs December 2022","6XDw9r3xnlfEi6LRd9YghN","monthyear","2022-12"
"AK","Top Songs April 2016","35PE4n5qHWYjtrpNco4QmH","monthyear","2016-04"
"AK","Top Songs May 2016","1iuzz4chdp5HDX7RrWabix","monthyear","2016-05"
"AK","Top Songs March 2017","7ya1NZ17ZTqTrzuNz5XBmi","monthyear","2017-03"
"AK","Top Songs April 2017","47DCvFTTAEq0QAQGdztN0Y","monthyear","2017-04"
"AK","Top Songs May 2017","02QnrNV63KsCfKFikCwjQ2","monthyear","2017-05"
"AK","Top Songs June 2017","3hfahkI0mQYgAEVh5FFric","monthyear","2017-06"
"AK","Top Songs July 2017","5lfJbJonCCFZgmUlf4r7kz","monthyear","2017-07"
"AK","Top Songs August 2017","2fjNlKWIGVjztGNtuRmtWP","monthyear","2017-08"
"AK","Top Songs September 2017","23LAOta2n29366X6Ckiuwq","monthyear","2017-09"
"AK","Top Songs October 2017","71JydYb9nKddzBmUgYvuPH","monthyear","2017-10"
"AK","Top Songs November 2017","1lHEkklVSzRhK80X05CriH","monthyear","2017-11"
"AK","Top Songs December 2017","6zyjBf3gvUSFb9hzWW2J2U","monthyear","2017-12"
"AK","Top Songs January 2018","5mthbWrHILEzP1XqylbGDV","monthyear","2018-01"
"AK","Top Songs February 2018","5r0dTI9OWQ3xtJCYDCDiJD","monthyear","2018-02"
"AK","Top Songs March 2018","0CpgIRLj6y40misMFFkX7A","monthyear","2018-03"
"AK","Top Songs April 2018","1HCRezQgVYT8hyT8JiRo5d","monthyear","2018-04"
"AK","Top Songs May 2018","6592LVJRP6PvD1K0rw3qm8","monthyear","2018-05"
"AK","Top Songs June 2018","4ybWvxJIBmllUUJSnXqGQS","monthyear","2018-06"
"AK","Top Songs July 2018","6dimd0YXLsRu86i3ZN9kbY","monthyear","2018-07"
"AK","Top Songs August 2018","5tRD0YRIiuuzwAdPPFMMRu","monthyear","2018-08"
"AK","Top Songs September 2018","1iDTgVHoU6sBXDfWGNazc1","monthyear","2018-09"
"AK","Top Songs October 2018","3BPj4LaOglFu0Dp1ndoHOe","monthyear","2018-10"
"AK","Top Songs November 2018","4wx7SB965Po2N9D7xXTwik","monthyear","2018-11"
"AK","Top Songs December 2018","7DkTFZ2e7bUlSGON2xYy5v","monthyear","2018-12"
"AK","Top Songs January 2019","5EclR5AKiJ4XtVJH6izk5Z","monthyear","2019-01"
"AK","Top Songs February 2019","0xUMrdTug0D08jQzMKJZ5N","monthyear","2019-02"
"AK","Top Songs March 2019","47GzIF5dx0gmQoEpzvFETS","monthyear","2019-03"
"AK","Top Songs April 2019","3OTjhZkTbyjbtI6vIXfBOd","monthyear","2019-04"
"AK","Top Songs May 2019","7l7MF5XMPSurTmFQ0m2B5G","monthyear","2019-05"
"AK","Top Songs June 2019","4ZyynUo7OYJq4crbtQwtwA","monthyear","2019-06"
"AK","Top Songs July 2019","3cdvj4vZYMBqooBLEWkrZ3","monthyear","2019-07"
"AK","Top Songs August 2019","46s6UlG26ovgaYbGHiEZRE","monthyear","2019-08"
"AK","Top Songs September 2019","51lY9dffilUnvte7KbGlmo","monthyear","2019-09"
"AK","Top Songs October 2019","0knAKl7z66ucx3wqkUoTt9","monthyear","2019-10"
"AK","Top Songs November 2019","6iyrea42OWzgyfuw9OWovf","monthyear","2019-11"
"AK","Top Songs December 2019","2fmNKMgAeeijyxYNOP3dPT","monthyear","2019-12"
"AK","Top Songs January 2020","0ghY4XTAC0UOoBVeHnfs3j","monthyear","2020-01"
"AK","Top Songs February 2020","4U0UK9uj14iOyvxYtSLpVm","monthyear","2020-02"
"AK","Top Songs March 2020","7rc92qdi4dQCvDhHd3jfZi","monthyear","2020-03"
"AK","Top Songs April 2020","4107at50MBRoVkgYN4sGuL","monthyear","2020-04"
"AK","Top Songs May 2020","0waX6nFx2XjxkcmEpxelwj","monthyear","2020-05"
"AK","Top Songs June 2020","6CskV8MyDDOYTrC0nUPpOG","monthyear","2020-06"
"AK","Top Songs July 2020","0AiDKvhAuJritLwwzbDGyN","monthyear","2020-07"
"AK","Top Songs August 2020","0SuDriVFMxtlh5ysHveJ7S","monthyear","2020-08"
"AK","Top Songs September 2020","625Riixys1B1Ruji3Evp74","monthyear","2020-09"
"AK","Top Songs October 2020","2RqcLKBy4QV8ENEuhx14Ok","monthyear","2020-10"
"AK","Top Songs November 2020","1jd96hgyGPidVo6tzNBHqr","monthyear","2020-11"
"AK","Top Songs December 2020","6Lma3ncNwrgKnz9hL4wbid","monthyear","2020-12"
"AK","Top Songs January 2021","6QD2uiiTjOe03NiP0cRncq","monthyear","2021-01"
"AK","Top Songs February 2021","1tnXrB4TsnRuIKjHCvc0DW","monthyear","2021-02"
"AK","Top Songs March 2021","0hwEQae9ILp2VgDy8nIVWh","monthyear","2021-03"
"AK","Top Songs April 2021","03KcYKFEj2Et04EvNNxLYP","monthyear","2021-04"
"AK","Top Songs May 2021","2vVmDtfsuzkAzrgKYH5gTL","monthyear","2021-05"
"AK","Top Songs June 2021","7zCy4GWuWzXm5HDy00aKOy","monthyear","2021-06"
"AK","Top Songs July 2021","7wo2Y741DajvodFv6L7tBP","monthyear","2021-07"
"AK","Top Songs August 2021","3Hmoa2trHonZaDcwRXifxL","monthyear","2021-08"
"AK","Top Songs September 2021","0fGmeyk2TFiKE0fGkHXuHj","monthyear","2021-09"
"AK","Top Songs October 2021","79U5uQPrgL8poA90Ud25g0","monthyear","2021-10"
"AK","Top Songs November 2021","7KRoCwn1rMDJR8vErRicIj","monthyear","2021-11"
"AK","Top Songs December 2021","23MzkfRkUd2z8Y7GDyS49K","monthyear","2021-12"
"AK","Top Songs January 2022","6jX6FJ62kOkMOIhvFG7aX4","monthyear","2022-01"
"AK","Top Songs February 2022","3gbAIfp7qx5jiZWuETybgk","monthyear","2022-02"
"AK","Top Songs March 2022","6SPRdyahfhvk9YqOEIUIOl","monthyear","2022-03"
"AK","Top Songs April 2022","4CkjtMG6hH4rWd9BEQdPhU","monthyear","2022-04"
"AK","Top Songs May 2022","6iDzYU2852NAlR18hZabRL","monthyear","2022-05"
"AK","Top Songs June 2022","5m8nsiVYMrg97OLZZL0Mc9","monthyear","2022-06"
"AK","Top Songs July 2022","7dyHSnxPlUkDDeDSCP8y5M","monthyear","2022-07"
"AK","Top Songs August 2022","6dCVXAsaPWgtZOCEINmIvk","monthyear","2022-08"
"AK","Top Songs September 2022","0evTTLGJQ1dzaF5KAzAZwU","monthyear","2022-09"
"AK","Top Songs October 2022","7oF2VaxN3c0XVLvdsenUvR","monthyear","2022-10"
"AK","Top Songs November 2022","2Ukex6xLvusEw391iSnvdW","monthyear","2022-11"
"AK","Top Songs December 2022","74CEUXKQLolvDHm2rHkBhV","monthyear","2022-12"
"DM","Top Songs January 2016","2dT9rPw6YGlSoFQZYf3prs","monthyear","2016-01"
"DM","Top Songs February 2016","3a5AgHSWiqXNN7bC97rczf","monthyear","2016-02"
"DM","Top Songs March 2016","2qhIh9cLQl3NVAgvaOu9XM","monthyear","2016-03"
"DM","Top Songs April 2016","1oLH7PpyUauVzXeswYPwyZ","monthyear","2016-04"
"DM","Top Songs May 2016","3zsZLv5STg7JY5P8qod5Cq","monthyear","2016-05"
"DM","Top Songs June 2016","2DRQgrOqvYJXZJMJ80JzGe","monthyear","2016-06"
"DM","Top Songs July 2016","1GkVdexBl6nWR49bAja1y3","monthyear","2016-07"
"DM","Top Songs August 2016","3Bktqf05n0hX2zRMFP6Q9u","monthyear","2016-08"
"DM","Top Songs September 2016","3Yhc3ABIxMJddvRYH8WRgI","monthyear","2016-09"
"DM","Top Songs October 2016","7yCYMRQipbvO1JA8XyLkE7","monthyear","2016-10"
"DM","Top Songs November 2016","4ggnWRv0bE0MutNX0t889V","monthyear","2016-11"
"DM","Top Songs December 2016","5u5hcENsAsrxmKIONpZ5pn","monthyear","2016-12"
"DM","Top Songs January 2017","684Fg7GfQqUVWS9ncgPaSy","monthyear","2017-01"
"DM","Top Songs February 2017","43IXYhv8gWhdYvXD3LIIt7","monthyear","2017-02"
"DM","Top Songs March 2017","1jkn71HwLc60kggMC9rRsr","monthyear","2017-03"
"DM","Top Songs April 2017","1HpBLuGoyBFSVqBLXAWpEH","monthyear","2017-04"
"DM","Top Songs May 2017","6Ja2XsXEFqkdNfbp43WLrj","monthyear","2017-05"
"DM","Top Songs June 2017","5IyTZ6tG8CdySz4wQzUGsJ","monthyear","2017-06"
"DM","Top Songs July 2017","5doEmS7fWvSQYNLuQtmDxK","monthyear","2017-07"
"DM","Top Songs August 2017","4aWNRAyYAVqcGXZS23qVvE","monthyear","2017-08"
"DM","Top Songs September 2017","0AzBCzwOWr7Y54y4OMkoMi","monthyear","2017-09"
"DM","Top Songs October 2017","1cAZIJgasM91BEdWh4oy2r","monthyear","2017-10"
"DM","Top Songs November 2017","7urYb1PW3NkQd1qMDaRvuY","monthyear","2017-11"
"DM","Top Songs December 2017","53cxtkkHKZUCTKzCjZ5pwN","monthyear","2017-12"
"DM","Top Songs January 2018","7imFfy5e2tx15uLplqcdrt","monthyear","2018-01"
"DM","Top Songs February 2018","6urYTe1gT6Vx5ySIfd8UP3","monthyear","2018-02"
"DM","Top Songs March 2018","2gvttw9satzQNUlCAZZ0my","monthyear","2018-03"
"DM","Top Songs April 2018","4joLxmAzOhS1nXb7CZe2uj","monthyear","2018-04"
"DM","Top Songs May 2018","15HlQnhF1ZLLpxkjaZdVcY","monthyear","2018-05"
"DM","Top Songs June 2018","7Ce5qjn8dKD1FXXEgG2hwf","monthyear","2018-06"
"DM","Top Songs July 2018","1ijLpuymQKHaU9QuC9MOUk","monthyear","2018-07"
"DM","Top Songs August 2018","64vVyo6vK492dHQOU5EqAH","monthyear","2018-08"
"DM","Top Songs September 2018","5MXsv2l5OkvQv3efzABv2s","monthyear","2018-09"
"DM","Top Songs October 2018","4EdXQ8exYv3587a3OXZP9A","monthyear","2018-10"
"DM","Top Songs November 2018","1x5ERkJ8Edh5yf6g9u6a59","monthyear","2018-11"
"DM","Top Songs December 2018","0DIwNFeFdrKgjWPUSqzzSM","monthyear","2018-12"
"DM","Top Songs January 2019","673AhlLyOv4g93FXJT4MQg","monthyear","2019-01"
"DM","Top Songs February 2019","127xXtF9cxLYOzSfnNOGhk","monthyear","2019-02"
"DM","Top Songs March 2019","5k7isR2kKJWIKUYyNnyE50","monthyear","2019-03"
"DM","Top Songs April 2019","0EUJ9EaRktKIGE77yhvibH","monthyear","2019-04"
"DM","Top Songs May 2019","7vmqhNl2eGUyvCqvPL3Klw","monthyear","2019-05"
"DM","Top Songs June 2019","256cEbaKEFaAufFXpIbpZW","monthyear","2019-06"
"DM","Top Songs July 2019","1vCIcLJEYghkbKX5Cm8YvU","monthyear","2019-07"
"DM","Top Songs August 2019","0PGgU9dcwFX86GmIi7XTJV","monthyear","2019-08"
"DM","Top Songs September 2019","2MTRKa5x4E0NSBo5jhXUle","monthyear","2019-09"
"DM","Top Songs October 2019","7I35Wo2DM2yoYOx0Tjqg2q","monthyear","2019-10"
"DM","Top Songs November 2019","5jbg2ERxIUk83T6cSTkrE1","monthyear","2019-11"
"DM","Top Songs December 2019","6edSYQQhIQX2E59eF2GmJb","monthyear","2019-12"
"DM","Top Songs January 2020","480GUUf9RPnlR2XTnsDQs4","monthyear","2020-01"
"DM","Top Songs February 2020","6fjCTbVN8X7fEX4n88bkGh","monthyear","2020-02"
"DM","Top Songs March 2020","2vSHusLvCaU4ZSJOQ3cArA","monthyear","2020-03"
"DM","Top Songs April 2020","4hzmn67O0edSV1wLboEvA7","monthyear","2020-04"
"DM","Top Songs May 2020","5BpTym0csX2LetlwuMRWTf","monthyear","2020-05"
"DM","Top Songs June 2020","3lh6K3hdHRlX4pavX4H5f7","monthyear","2020-06"
"DM","Top Songs July 2020","3wZhMX7LnCtqUuEDjDprX0","monthyear","2020-07"
"DM","Top Songs August 2020","5cn2eQfRzrdxXVyxy8gJ2Q","monthyear","2020-08"
"DM","Top Songs September 2020","4J1GY9XgClCkMkYgw1E6p5","monthyear","2020-09"
"DM","Top Songs October 2020","600tgrIxyRR1WTCrboI08G","monthyear","2020-10"
"DM","Top Songs November 2020","17xqsnSTJfnYXxso7OlfP4","monthyear","2020-11"
"DM","Top Songs December 2020","5KVbcP2J91cfvCPZvOtZuJ","monthyear","2020-12"
"DM","Top Songs January 2021","3AloKjNQIk6V5qg8jLQch9","monthyear","2021-01"
"DM","Top Songs February 2021","1zh4T6r3I0fNS6eXEZB2NG","monthyear","2021-02"
"DM","Top Songs March 2021","72JOwyp1LMUUaZmfVrS0fD","monthyear","2021-03"
"DM","Top Songs April 2021","45GBhtVLMlOC2zKP6CLenI","monthyear","2021-04"
"DM","Top Songs May 2021","16YgBTpkRYm6P8MoLnr2EX","monthyear","2021-05"
"DM","Top Songs June 2021","5bNgyhhShCDmo13Azn1Ltf","monthyear","2021-06"
"DM","Top Songs July 2021","54OQaiBetUg9yCvgNtrrv4","monthyear","2021-07"
"DM","Top Songs August 2021","6P4dCso6QODs5aoRYhXy3k","monthyear","2021-08"
"DM","Top Songs September 2021","5OG6F9KFl74th2WyvOty1C","monthyear","2021-09"
"DM","Top Songs October 2021","4o0FIyZ4MQavfzI6ZyyjQ7","monthyear","2021-10"
"DM","Top Songs November 2021","6kr9AsTlbdw9YDXJRSAelp","monthyear","2021-11"
"DM","Top Songs December 2021","7g8jyQZCLx9GUpCy7y1lvb","monthyear","2021-12"
"DM","Top Songs January 2022","2Kh9TXy320FdOqmYNKEmSg","monthyear","2022-01"
"DM","Top Songs February 2022","0LzgVSdaCIeCg6U3xmljrT","monthyear","2022-02"
"DM","Top Songs March 2022","7cdXphEcDr4KxEJM0i85KB","monthyear","2022-03"
"DM","Top Songs April 2022","4JNE9xSPXzdXHHTkc4LH9w","monthyear","2022-04"
"DM","Top Songs May 2022","6oZEvKAH31nFO4P9M49pEk","monthyear","2022-05"
"DM","Top Songs June 2022","0zLS1SNDe0lv0pO7fjombq","monthyear","2022-06"
"DM","Top Songs July 2022","0zv793iY52LYNIkpdAM96z","monthyear","2022-07"
"DM","Top Songs August 2022","2zcUbzXsZFGVFM78EelDB5","monthyear","2022-08"
"DM","Top Songs September 2022","1LP7OeCDlyQe9M846Q3Jvu","monthyear","2022-09"
"DM","Top Songs October 2022","3p7Mivg5XloO4GMXBoKPXk","monthyear","2022-10"
"DM","Top Songs November 2022","2uhGswC7ZDnqp7yR3sDFVZ","monthyear","2022-11"
"DM","Top Songs December 2022","4y6OX4K0Ox2tBhCRtjxLWO","monthyear","2022-12"
"AN","Top Songs 8th-9th Summer","5qdLuxMNm68b9n1ehqoVhw","schoolperiod","8th-9th Summer"
"AN","Top Songs 9th Grade","4XT4CsoypFNoA2wJQc2Vtj","schoolperiod","9th Grade"
"AN","Top Songs 9th-10th Summer","4VKbFyCI4y7Jf6G4dDXkSQ","schoolperiod","9th-10th Summer"
"AN","Top Songs 10th Grade","2a8MR8ZXez2xdOWQS1EAko","schoolperiod","10th Grade"
"AN","Top Songs 10th-11th Summer","4bvktzKeOBZy1T8A4uxGf0","schoolperiod","10th-11th Summer"
"AN","Top Songs 11th Grade","6UPLMlvtQMLXN1NXhA1MPo","schoolperiod","11th Grade"
"AN","Top Songs 11th-12th Summer","4eObngBSXoLgT3YBeZwe2H","schoolperiod","11th-12th Summer"
"AN","Top Songs 12th Grade","2EHBwV5NvKHb4Tikjh9hoL","schoolperiod","12th Grade"
"AN","Top Songs 12th-Freshman Summer","0VNQhZevCiEJ0UsrkMYdd5","schoolperiod","12th-Freshman Summer"
"AN","Top Songs Freshman Year","3AuguoXGIdSVGbw4GJkbnY","schoolperiod","Freshman Year"
"AN","Top Songs Freshman-Sophomore Summer","1efxFVCls8S8EyRk0loiYC","schoolperiod","Freshman-Sophomore Summer"
"AN","Top Songs Sophomore Year","7sAqiXTUDhEg2YiueHUo9u","schoolperiod","Sophomore Year"
"AN","Top Songs Sophomore-Junior Summer","3VMXclqVVzi3uI0XzEdIkN","schoolperiod","Sophomore-Junior Summer"
"AK","Top Songs 9th Grade","2AubGv1SAgcfb9VpFEtbKE","schoolperiod","9th Grade"
"AK","Top Songs 9th-10th Summer","0eln4566hxiaEx4DmbUjtZ","schoolperiod","9th-10th Summer"
"AK","Top Songs 10th Grade","26KSFfvU8Ei2ofjX4NFwfU","schoolperiod","10th Grade"
"AK","Top Songs 10th-11th Summer","4JmmxgyOalby8cBCB8DkTK","schoolperiod","10th-11th Summer"
"AK","Top Songs 11th Grade","2aD0SGaXOezMzaSqNcZuQW","schoolperiod","11th Grade"
"AK","Top Songs 11th-12th Summer","3WnzoNHIAv6YzOhOqijV0l","schoolperiod","11th-12th Summer"
"AK","Top Songs 12th Grade","22OHPdVlw6gNGEsFXw6pW7","schoolperiod","12th Grade"
"AK","Top Songs 12th-Freshman Summer","20ZSOY5xRbLfFt1KK6erQT","schoolperiod","12th-Freshman Summer"
"AK","Top Songs Freshman Year","5TXojUc6HwRy5kHpXZAIaT","schoolperiod","Freshman Year"
"AK","Top Songs Freshman-Sophomore Summer","5oXsvrooBpd49k0VAI4S7H","schoolperiod","Freshman-Sophomore Summer"
"AK","Top Songs Sophomore Year","2dYIxDHow1WGady263hSZ9","schoolperiod","Sophomore Year"
"AK","Top Songs Sophomore-Junior Summer","3LbE25aRvTsckQaRTNHd1z","schoolperiod","Sophomore-Junior Summer"
"DM","Top Songs 8th Grade","09qDzmpocClXw1WPIEuZQ1","schoolperiod","8th Grade"
"DM","Top Songs 8th-9th Summer","2Mx8IW5LbbsFN7AosPdv5f","schoolperiod","8th-9th Summer"
"DM","Top Songs 9th Grade","5qEWRQ2AHtYNGJyviqLXH8","schoolperiod","9th Grade"
"DM","Top Songs 9th-10th Summer","1QeGeezl7TODPW0vFK5Vxu","schoolperiod","9th-10th Summer"
"DM","Top Songs 10th Grade","21PzZOGlpU84iGANnpgqIg","schoolperiod","10th Grade"
"DM","Top Songs 10th-11th Summer","3gfhgJnc4kHlsfbMCKSafJ","schoolperiod","10th-11th Summer"
"DM","Top Songs 11th Grade","01O2s20v0fYw3vK0gMW2jI","schoolperiod","11th Grade"
"DM","Top Songs 11th-12th Summer","6ER41q4ZmBZrbf5kGJ3dU9","schoolperiod","11th-12th Summer"
"DM","Top Songs 12th Grade","6BLWSLeRrAgLKBU9Uwl2Ig","schoolperiod","12th Grade"
"DM","Top Songs 12th-Freshman Summer","3bCTDgRyce7PaiZShEkBYK","schoolperiod","12th-Freshman Summer"
"DM","Top Songs Freshman Year","2r4Hm16o0l7rvDFWUdT8CG","schoolperiod","Freshman Year"
"DM","Top Songs Freshman-Sophomore Summer","5ce4HDsurmpJSt5EsrF3df","schoolperiod","Freshman-Sophomore Summer"
"DM","Top Songs Sophomore Year","4NY39a8Izt0OARjB56c9oC","schoolperiod","Sophomore Year"
"DM","Top Songs Sophomore-Junior Summer","1VDRekXdzr0srKUnDPEjbP","schoolperiod","Sophomore-Junior Summer"
"AN","Top Songs 12 AM","0R4koYngDCvcZK14Js7T53","hour","00"
"AN","Top Songs 1 AM","62QMncVN3x8sbkkIIkoIzu","hour","01"
"AN","Top Songs 2 AM","76hnaaNhhAdR4Bez9mTwUr","hour","02"
"AN","Top Songs 3 AM","4WVd8XoFqiWupKGbn6Hyer","hour","03"
"AN","Top Songs 4 AM","5Zy2IAgYtYSegshPhBWUn5","hour","04"
"AN","Top Songs 5 AM","2h1Nkw0VJkU4XWygjjvC2X","hour","05"
"AN","Top Songs 6 AM","6MgDn3eaeZ2enhCqLIuZsX","hour","06"
"AN","Top Songs 7 AM","6Fcuf6ZT6tFCZ7SPjlWVZa","hour","07"
"AN","Top Songs 8 AM","1VXqVgIIboKH6xnh7dMIXl","hour","08"
"AN","Top Songs 9 AM","0HmFRlUDhYMCASHVAbJCLS","hour","09"
"AN","Top Songs 10 AM","04Iw2h4Zpdua1H7nPiz5CD","hour","10"
"AN","Top Songs 11 AM","6T7sTb4O8Hyeuq2a7ACnOD","hour","11"
"AN","Top Songs 12 PM","6me34WpOB5ncnZ78xisYwf","hour","12"
"AN","Top Songs 1 PM","0qebxvHWgeobdgsHM2SGLx","hour","13"
"AN","Top Songs 2 PM","1Z9Ups4mmi7AU3Zmafe6ma","hour","14"
"AN","Top Songs 3 PM","5AlhU18kgNwvJvnnmg9hOh","hour","15"
"AN","Top Songs 4 PM","0wsxlC4vQsmgYegHfBjt3c","hour","16"
"AN","Top Songs 5 PM","7wUWLNb6gMFbt5ZDXtDlxq","hour","17"
"AN","Top Songs 6 PM","0qqNppAtEjbenuZO24PU74","hour","18"
"AN","Top Songs 7 PM","3lOqxdnSwwq23wRFCWaqUf","hour","19"
"AN","Top Songs 8 PM","5IKvlXgUM8g034cKPfqBSb","hour","20"
"AN","Top Songs 9 PM","0I9739Koa2clG1v3uNESbU","hour","21"
"AN","Top Songs 10 PM","1xNGnoCVNq5OU1VvsEct9y","hour","22"
"AN","Top Songs 11 PM","0DZ8XqoR2EFAUwX9uwBG4o","hour","23"
"AK","Top Songs 12 AM","1IlnbjgdFLDwWEln47Pd95","hour","00"
"AK","Top Songs 1 AM","1QN1sFrcvQfJBCjs0Xd67F","hour","01"
"AK","Top Songs 2 AM","3AbXIH3IPec716w6lQyT4P","hour","02"
"AK","Top Songs 3 AM","7ot5yEZ6agh7205T1Af4Xy","hour","03"
"AK","Top Songs 4 AM","0fYvmFhW7AeMWC2zHMouno","hour","04"
"AK","Top Songs 5 AM","0obqY1d63OCWsa10LzOpYN","hour","05"
"AK","Top Songs 6 AM","3ZoAwSGyENhcFoFcMf82l8","hour","06"
"AK","Top Songs 7 AM","0oBHkn0y3Jf2d7YhZksqwP","hour","07"
"AK","Top Songs 8 AM","2xpzxoTLxGJ2PhA1YH5lX3","hour","08"
"AK","Top Songs 9 AM","0hl6x9IPZBnRf8choIB32m","hour","09"
"AK","Top Songs 10 AM","097pJGU4wVY2yRe3I3o3ju","hour","10"
"AK","Top Songs 11 AM","6cg1oFiKPQQSQqGLBTsmvp","hour","11"
"AK","Top Songs 12 PM","2S1Acg6tggVpN2hrwBGUe6","hour","12"
"AK","Top Songs 1 PM","482FVDFDNmzzAdmsFVLjzV","hour","13"
"AK","Top Songs 2 PM","2HPqTdsZPN4aw69swnXoTU","hour","14"
"AK","Top Songs 3 PM","1qjrkTur6ivywKB0ULNLrn","hour","15"
"AK","Top Songs 4 PM","04xcpiZQa7NQMufRmvd1Pz","hour","16"
"AK","Top Songs 5 PM","4lozXHdXpDzooenLdVVF50","hour","17"
"AK","Top Songs 6 PM","3Vv80ahmx1G4FL33ckUggB","hour","18"
"AK","Top Songs 7 PM","66k9mwHED9fnBOGy5w9Qld","hour","19"
"AK","Top Songs 8 PM","5A77LukT4HS6MaNG6myjch","hour","20"
"AK","Top Songs 9 PM","09RN0aqAFYbGkYRuHVfqDD","hour","21"
"AK","Top Songs 10 PM","3HkCzuo6ntbJEATucwwb8w","hour","22"
"AK","Top Songs 11 PM","2TUE4iQzdx9Q0IZn64bPKp","hour","23"
"DM","Top Songs 12 AM","1SB3ZnBXA4l5rlNOK2Cocc","hour","00"
"DM","Top Songs 1 AM","2Bn2CSahgozvJ9mYUppK4c","hour","01"
"DM","Top Songs 2 AM","360wJgMRei2jGSlpLzhiSZ","hour","02"
"DM","Top Songs 3 AM","5ISiexYz5G78a0ThyxC7tn","hour","03"
"DM","Top Songs 4 AM","0237N87igiQqRvCjyEgSDw","hour","04"
"DM","Top Songs 5 AM","0jEQkiMqnQLduYGMflSjac","hour","05"
"DM","Top Songs 6 AM","6nueNL4ZQD4ZlGfbBFtXIi","hour","06"
"DM","Top Songs 7 AM","1ENZaOCvvhdIji6eulSUV1","hour","07"
"DM","Top Songs 8 AM","3opHth49YS0Tt4hvwhfRuy","hour","08"
"DM","Top Songs 9 AM","46uQlyRU6MvKWLwOekQVYQ","hour","09"
"DM","Top Songs 10 AM","42CSXbYlwpFzxM8yl3gAfy","hour","10"
"DM","Top Songs 11 AM","1vo5sggrRViuq9P6Y63gsn","hour","11"
"DM","Top Songs 12 PM","5dgzC0py9CiU48qVr6LFgH","hour","12"
"DM","Top Songs 1 PM","0mywAnD0MJ0yRU7V6pCo85","hour","13"
"DM","Top Songs 2 PM","2Lb301BKXWBsATN2iYRQhj","hour","14"
"DM","Top Songs 3 PM","6gAD6UYZBFVkg3AtJvOA7p","hour","15"
"DM","Top Songs 4 PM","4I7UxDGOqbT4EdAjmdel50","hour","16"
"DM","Top Songs 5 PM","3wEByMpApWn0wPijZN0wKF","hour","17"
"DM","Top Songs 6 PM","4k09Fz42aZqgkwMgL43xWT","hour","18"
"DM","Top Songs 7 PM","60rwatiw2t8PE0kqPIsM8K","hour","19"
"DM","Top Songs 8 PM","6DYPmwjR4KZHiW2lfBcG9G","hour","20"
"DM","Top Songs 9 PM","59l5Z4KReB6M30Lv1AxwWb","hour","21"
"DM","Top Songs 10 PM","1gLBVOg2GJDo0hMOUa5aDs","hour","22"
"DM","Top Songs 11 PM","5vCGGvNAoIMswUooYKkmdt","hour","23"
"DMAN","Shared Songs","5uBx3xSDTx3ZCwkKQCGwx6","None","None"
"ANDM","Shared Songs","5uBx3xSDTx3ZCwkKQCGwx6","None","None"
"AKAN","Shared Songs","3i8IH4c7TQ0oe4tkgryf83","None","None"
"ANAK","Shared Songs","3i8IH4c7TQ0oe4tkgryf83","None","None"
"DMAK","Shared Songs","2XH1ZDvvSGEnpGz2s8V34q","None","None"
"AKDM","Shared Songs","2XH1ZDvvSGEnpGz2s8V34q","None","None"
"AN","Basic Recommendation","5wRZdvdC59iliBssLHd4bE","None","None"
"AK","Basic Recommendation","6F8H5z2rBfmPkwFHtPyRgU","None","None"
"DM","Basic Recommendation","4xH1H7JwvKD6b6UeJaJITj","None","None"
"AN","Unpopular Recommendation","42Mor5TYMUM1vrSymLWTcD","None","None"
"AK","Unpopular Recommendation","6akN2StL8twpEnUBY3Oor1","None","None"
"DM","Unpopular Recommendation","2D8Sz2gWToTQlwlJCXeSzC","None","None"
"AN","Recent Rotation Recommendation","40zOfAJ3jy9Q9sYx02GKkO","None","None"
"AK","Recent Rotation Recommendation","0FEfiTX55vI5GDhBp1bpcm","None","None"
"DM","Recent Rotation Recommendation","7vTpR5FwT99RRvxb6yYo7Z","None","None"
"AN","Long Recommendation","4t0OqxbRoqkZHSjpIBcrw2","None","None"
"AK","Long Recommendation","1axyvYfs5j2CbXbnWtY6aZ","None","None"
"DM","Long Recommendation","2Jn33fiNOZz8lwGUxVu6q2","None","None"
"AN","EDM Recommendation","60HRUPmZ6ArE7ZKL5ZaIbx","None","None"
"AK","EDM Recommendation","0HvA9R11NBPczWceQVyPcQ","None","None"
"DM","EDM Recommendation","3CqO7NFd3WD3TfSnolXwBU","None","None"
"AN","Indie Recommendation","64LiS6bXoiul9YZsyMpgMO","None","None"
"AK","Indie Recommendation","2jtD0gYtwm6ZKFYcQFMN64","None","None"
"DM","Indie Recommendation","4Yzp55W8kfFF6WdRtL4UUN","None","None"
"AN","Rap Recommendation","7h4GdWVfEWbbi0A0KS84XV","None","None"
"AK","Rap Recommendation","5PrsIbTSS0oGpbg8pJLcSo","None","None"
"DM","Rap Recommendation","6bSQa1R4KGWJCB9oghhW3g","None","None"
"AN","Angry Recommendation","7LCNDCSJWNMxD8e8ZwQkIq","None","None"
"AK","Angry Recommendation","2FeOVo5XmQC7HHjRkz3sQh","None","None"
"DM","Angry Recommendation","7jWpnuiVT8opO5jcAO6Hbx","None","None"
"AN","Happy Recommendation","0gH98gRdbUGHR07FpY6UEA","None","None"
"AK","Happy Recommendation","10btTm8kUQMUEniyNWAEHX","None","None"
"DM","Happy Recommendation","2Pj8eVOIKQyydXLyYN1ajc","None","None"
"AN","Peaceful Recommendation","0GOZgWwQZBpEUUr7rfQZFf","None","None"
"AK","Peaceful Recommendation","6jmJWiXeo25dewJxBxBHeL","None","None"
"DM","Peaceful Recommendation","3c8NAKG9az3rJqCgaeKz8c","None","None"
"AN","Depressing Recommendation","5etMwctkuEtTkylqmLejk1","None","None"
"AK","Depressing Recommendation","3iClZPt1uarbC0F2dbfZPH","None","None"
"DM","Depressing Recommendation","5Mqc5MHW5hCPWWsaipznuP","None","None"
